{
  "prepare_queue": {
    "installed": [],
    "uninstalled": []
  },
  "config_munge": {
    "files": {
      "config.xml": {
        "parents": {
          "/*": [
            {
              "xml": "<feature name=\"Notification\"><param name=\"ios-package\" value=\"CDVNotification\" /></feature>",
              "count": 1
            }
          ]
        }
      }
    }
  },
  "installed_plugins": {
    "cordova-plugin-dialogs": {
      "PACKAGE_NAME": "com.example.tag"
    },
    "cordova-plugin-whitelist": {
      "PACKAGE_NAME": "com.example.tag"
    }
  },
  "dependent_plugins": {},
  "modules": [
    {
      "id": "cordova-plugin-dialogs.notification",
      "file": "plugins/cordova-plugin-dialogs/www/notification.js",
      "pluginId": "cordova-plugin-dialogs",
      "merges": [
        "navigator.notification"
      ]
    }
  ],
  "plugin_metadata": {
    "cordova-plugin-dialogs": "2.0.2",
    "cordova-plugin-whitelist": "1.3.4"
  }
}
